{
  "aw": "আরুবা",
  "af": "আফগানিস্তান",
  "ao": "অ্যাঙ্গোলা",
  "ai": "অ্যাঙ্গিলা",
  "ax": "অ্যাল্যান্ড দ্বীপপুঞ্জ",
  "al": "আলবেনিয়া",
  "ad": "অ্যান্ডোরা",
  "ae": "সংযুক্ত আরব আমিরশাহী",
  "ar": "আর্জেনটিনা",
  "am": "আর্মেনিয়া",
  "as": "আমেরিকান সামোয়া",
  "aq": "আনটার্কটিকা",
  "tf": "ফ্রেঞ্চ দক্ষিণ অঞ্চল",
  "ag": "অ্যান্টিগুয়া ও বারবুডা",
  "au": "অস্ট্রেলিয়া",
  "at": "অস্ট্রিয়া",
  "az": "আজারবাইজান",
  "bi": "বুরুন্ডি",
  "be": "বেলজিয়াম",
  "bj": "বেনিন",
  "bq": "বনেয়ার, সিন্ট ইউস্টেটিয়াস ও সাবা",
  "bf": "বুর্কিনা ফাসো",
  "bd": "বাংলাদেশ",
  "bg": "বুলগারিয়া",
  "bh": "বাহরেইন",
  "bs": "বাহামাস",
  "ba": "বসনিয়া ও হার্জগোভিনা",
  "bl": "সেন্ট বার্থেলেমি",
  "by": "বেলারুস",
  "bz": "বেলিজে",
  "bm": "বার্মুডা",
  "bo": "বোলিভিয়া",
  "br": "ব্রাজিল",
  "bb": "বার্বাডোস",
  "bn": "ব্রুনেই দারুসলাম",
  "bt": "ভুটান",
  "bv": "বুভে দ্বীপ",
  "bw": "বোটসওয়ানা",
  "cf": "মধ্য আফ্রিকান প্রজাতন্ত্র",
  "ca": "কানাডা",
  "cc": "কোকোস (কিলিং) দ্বীপ",
  "ch": "সুইৎজারল্যান্ড",
  "cl": "চিলি",
  "cn": "চীন",
  "ci": "আইভরি কোস্ট",
  "cm": "ক্যামেরুণ",
  "cd": "কঙ্গো, গণতান্ত্রিক প্রজাতন্ত্র",
  "cg": "কঙ্গো",
  "ck": "কুক দ্বীপপুঞ্জ",
  "co": "কোলোম্বিয়া",
  "km": "কোমোরোস",
  "cv": "কেবো ভার্ডি",
  "cr": "কোস্টা রিকা",
  "cu": "কিউবা",
  "cw": "কুরাশাও",
  "cx": "ক্রিস্টমাস দ্বীপপুঞ্জ",
  "ky": "কেম্যান দ্বীপপুঞ্জ",
  "cy": "সাইপ্রাস",
  "cz": "চেচিয়া",
  "de": "জার্মানি",
  "dj": "জিবুতি",
  "dm": "ডোমিনিকা",
  "dk": "ডেনমার্ক",
  "do": "ডোমিনিকান প্রজান্ত্র",
  "dz": "অ্যালজিরিয়া",
  "ec": "ইকুয়েডোর",
  "eg": "মিশর",
  "er": "এরিট্রিয়া",
  "eh": "পশ্চীম সাহারা",
  "es": "স্পেন",
  "ee": "এস্তোনিয়া",
  "et": "ইথিওপিয়া",
  "fi": "ফিনল্যান্ড",
  "fj": "ফিজি",
  "fk": "ফল্কল্যান্ড দ্বীপপুঞ্জ (মালভিনাস)",
  "fr": "ফ্রান্স",
  "fo": "ফ্যারো দ্বীপপুঞ্জ",
  "fm": "মাইক্রোনেশিয়া যুক্তরাষ্ট্র",
  "ga": "গেবন",
  "gb": "যুক্তরাজ্য",
  "ge": "জর্জিয়া",
  "gg": "গুয়ের্নসে",
  "gh": "ঘানা",
  "gi": "জিব্রাল্টার",
  "gn": "গিনি",
  "gp": "গুয়াডেল্যুপ",
  "gm": "গাম্বিয়া",
  "gw": "গিনি-বিসাউ",
  "gq": "ইকুয়েটোরিয়াল গিনি",
  "gr": "গ্রিস",
  "gd": "গ্রেনাডা",
  "gl": "গ্রিনল্যান্ড",
  "gt": "গুয়াতেমালা",
  "gf": "ফ্রেঞ্চ গায়ানা",
  "gu": "গুয়াম",
  "gy": "গায়ানা",
  "hk": "হং কং",
  "hm": "হার্ড দ্বীপ ও ম্যাকডোনাল্ড দ্বীপপুঞ্জ",
  "hn": "হন্ডুরাস",
  "hr": "ক্রোয়েশিয়া",
  "ht": "হাইতি",
  "hu": "হাঙ্গেরি",
  "id": "ইন্দোনেশিয়া",
  "im": "আইল অফ ম্যান",
  "in": "ভারত",
  "io": "ব্রিটিশ ভারতীয় মহাসাগরীয় অঞ্চল",
  "ie": "আয়ারল্যান্ড",
  "ir": "ইরান, ইসলামিক প্রজাতন্ত্র",
  "iq": "ইরাক",
  "is": "আইসল্যান্ড",
  "il": "ইজরাইল",
  "it": "ইটালি",
  "jm": "জামাইকা",
  "je": "জার্সি",
  "jo": "জর্ডান",
  "jp": "জাপান",
  "kz": "কাজাখস্তান",
  "ke": "কেনিয়া",
  "kg": "কির্গিজস্তান",
  "kh": "ক্যাম্বোডিয়া",
  "ki": "কিরিবাস",
  "kn": "সেন্ট কিটস ও নেভিস",
  "kr": "কোরিয়া প্রজাতন্ত্র",
  "kw": "কুয়েত",
  "la": "গণপ্রজাতন্ত্রী লাও",
  "lb": "লেবানন",
  "lr": "লাইবেরিয়া",
  "ly": "লিবিয়া",
  "lc": "সেন্ট লুসিয়া",
  "li": "লিখতেনস্টাইন",
  "lk": "শ্রীলঙ্কা",
  "ls": "লেসোথো",
  "lt": "লিথুয়ানিয়া",
  "lu": "লাক্সেমবুর্গ",
  "lv": "লাটভিয়া",
  "mo": "ম্যাকাও",
  "mf": "সেন্ট মার্টিন (ফ্রেঞ্চ অংশ)",
  "ma": "মরোক্কো",
  "mc": "মোনাকো",
  "md": "মোলডোভা",
  "mg": "মাদাগাস্কার",
  "mv": "মালডিভস",
  "mx": "মেক্সিকো",
  "mh": "মার্শাল দ্বীপপুঞ্জ",
  "mk": "উত্তর ম্যাসেডোনিয়া",
  "ml": "মালি",
  "mt": "মল্টা",
  "mm": "মায়ানমার",
  "me": "মন্টেনেগ্রো",
  "mn": "মঙ্গোলিয়া",
  "mp": "উত্তর মারিয়ানা দ্বীপ",
  "mz": "মোজাম্বিক",
  "mr": "মরিটানিয়া",
  "ms": "মন্টসেরাত",
  "mq": "মার্টিনিক",
  "mu": "মরিশাস",
  "mw": "মালাউই",
  "my": "মালেশিয়া",
  "yt": "মেওতে",
  "na": "নামিবিয়া",
  "nc": "নিউ ক্যালেডোনিয়া",
  "ne": "নাইজার",
  "nf": "নরফোল্ক দ্বীপ",
  "ng": "নাইজেরিয়া",
  "ni": "নিকারাগুয়া",
  "nu": "নিউ",
  "nl": "নেদারল্যান্ড",
  "no": "নরওয়ে",
  "np": "নেপাল",
  "nr": "নাউরু",
  "nz": "নিউজিল্যান্ড",
  "om": "ওমান",
  "pk": "পাকিস্তান",
  "pa": "পানামা",
  "pn": "পিটকেয়ার্ন",
  "pe": "পেরু",
  "ph": "ফিলিপাইনস",
  "pw": "পালাউ",
  "pg": "পাপুয়া নিউ গিনি",
  "pl": "পোল্যান্ড",
  "pr": "পুয়ের্তো রিকো",
  "kp": "কোরিয়া, গণতান্ত্রিক গণপ্রজাতন্ত্রী",
  "pt": "পোর্টুগাল",
  "py": "প্যারাগুয়ে",
  "ps": "ফিলিস্তিন, রাষ্ট্র",
  "pf": "ফ্রেঞ্চ পলিনেশিয়া",
  "qa": "কাতার",
  "re": "রিইউনিয়ান",
  "ro": "রোমানিয়া",
  "ru": "রুশ যুক্তরাষ্ট্র",
  "rw": "রওয়ান্ডা",
  "sa": "সৌদি আরব",
  "sd": "সুদান",
  "sn": "সেনেগাল",
  "sg": "সিঙ্গাপুর",
  "gs": "দক্ষিণ জর্জিয়া ও দক্ষিণ স্যান্ডউইচ দ্বীপপুঞ্জ",
  "sh": "সেইন্ট হেলেনা, অ্যাসেনসিয়ান ও ট্রিস্টান ডা কুনহা",
  "sj": "সয়ালবার্ড ও ইয়ানমায়েন দ্বীপপুঞ্জ",
  "sb": "সলোমান দ্বীপপুঞ্জ",
  "sl": "সিয়েরা লিওন",
  "sv": "এল সালভাডোর",
  "sm": "সান মারিনো",
  "so": "সোমালিয়া",
  "pm": "সেন্ট পিয়ের ও মিকেলন",
  "rs": "সার্বিয়া",
  "ss": "দক্ষিণ সুদান",
  "st": "সাও টোমে ও প্রিন্সিপে",
  "sr": "সুরিনাম",
  "sk": "স্লোভাকিয়া",
  "si": "স্লোভেনিয়া",
  "se": "সুইডেন",
  "sz": "এসওয়াটানি",
  "sx": "সেন্ট মার্টিন (ডাচ অংশ)",
  "sc": "সেশেলস",
  "sy": "সিরিয়ান আরব প্রজাতন্ত্র",
  "tc": "টার্কস ও কেইকোস দ্বীপ",
  "td": "চাড",
  "tg": "টোগো",
  "th": "থাইল্যান্ড",
  "tj": "তাজিকিস্তান",
  "tk": "টোকেলাউ",
  "tm": "তুর্কমেনিস্তান",
  "tl": "টিমোর-লেস্তে",
  "to": "টোঙ্গা",
  "tt": "ত্রিনিদাদ ও টোবাগো",
  "tn": "টিউনিশিয়া",
  "tr": "Türkiye",
  "tv": "টুভালু",
  "tw": "তাইওয়ান",
  "tz": "তানজানিয়া",
  "ug": "উগান্ডা",
  "ua": "ইউক্রেন",
  "um": "মার্কিন যুক্তরাষ্ট্র বহিস্থিত ক্ষুদ্র দ্বীপপুঞ্জ",
  "uy": "উরুগুয়ে",
  "us": "মার্কিন যুক্তরাষ্ট্র",
  "uz": "উজবেকিস্তান",
  "va": "হোলি সি (ভ্যাটিকান)",
  "vc": "সেন্ট ভিনসেন্ট ও গ্রেনাডিনস",
  "ve": "ভেনেজুয়েলা",
  "vg": "ব্রিটিশ ভার্জিন দ্বীপ",
  "vi": "মার্কিন যুক্তরাষ্ট্র ভার্জিন দ্বীপ",
  "vn": "ভিয়েতনাম",
  "vu": "ভানুয়াটু",
  "wf": "ওয়ালিস ও ফুটুনা",
  "ws": "সামোয়া",
  "ye": "ইয়েমেন",
  "za": "দক্ষিণ আফ্রিকা",
  "zm": "জাম্বিয়া",
  "zw": "জিম্বাবুয়ে"
}
