{
  "aw": "Aruba",
  "af": "Afganistan",
  "ao": "Angola",
  "ai": "Anguilla",
  "ax": "Åland Islands",
  "al": "Albani",
  "ad": "Andora",
  "ae": "Emira Arab Ini",
  "ar": "Ajantin",
  "am": "Ameni",
  "as": "American Samoa",
  "aq": "Antatik",
  "tf": "French Southern Territories",
  "ag": "Antigua and Barbuda",
  "au": "Ostrali",
  "at": "Otrich",
  "az": "Azerbaydjan",
  "bi": "Bouroundi",
  "be": "Bèljik",
  "bj": "Benen",
  "bq": "Bonaire, Sint Eustatius and Saba",
  "bf": "Boukinafaso",
  "bd": "Bangladèch",
  "bg": "Bilgari",
  "bh": "Barayn",
  "bs": "Bahamas",
  "ba": "Bosnia and Herzegovina",
  "bl": "Saint Barthélemy",
  "by": "Byelorisi",
  "bz": "Beliz",
  "bm": "Bermid",
  "bo": "Bolivi",
  "br": "Brezil",
  "bb": "Lababad",
  "bn": "Brunei Darussalam",
  "bt": "Boutan",
  "bv": "Bouvet Island",
  "bw": "Botswana",
  "cf": "Repiblik santafrik",
  "ca": "Kanada",
  "cc": "Cocos (Keeling) Islands",
  "ch": "Swis",
  "cl": "Chili",
  "cn": "Chin",
  "ci": "Côte d'Ivoire",
  "cm": "Kamewoun",
  "cd": "Congo, The Democratic Republic of the",
  "cg": "Congo",
  "ck": "Cook Islands",
  "co": "Kolonbi",
  "km": "Komò",
  "cv": "Cabo Verde",
  "cr": "Kostarika",
  "cu": "Kiba",
  "cw": "Curaçao",
  "cx": "Christmas Island",
  "ky": "Kayman",
  "cy": "Chip",
  "cz": "Tchèki",
  "de": "Almay",
  "dj": "Djibouti",
  "dm": "Dominik",
  "dk": "Danmak",
  "do": "Dominikani",
  "dz": "Aljeri",
  "ec": "Ekwatè",
  "eg": "Ejip",
  "er": "Eritre",
  "eh": "Sahara oksidantal",
  "es": "Espay",
  "ee": "Estoni",
  "et": "Etyopi",
  "fi": "Fenlann",
  "fj": "Fidji",
  "fk": "Falkland Islands (Malvinas)",
  "fr": "Frans",
  "fo": "Faroe Islands",
  "fm": "Micronesia, Federated States of",
  "ga": "Gabon",
  "gb": "Wayòm Ini",
  "ge": "Jeoji",
  "gg": "Guernsey",
  "gh": "Gana",
  "gi": "Gibraltar",
  "gn": "Gine",
  "gp": "Gwadloup",
  "gm": "Ganbi",
  "gw": "Gine-Bisao",
  "gq": "Gine ekwateryal",
  "gr": "Grès",
  "gd": "Grenad",
  "gl": "Groenlann",
  "gt": "Gwatemala",
  "gf": "Giyàn franse",
  "gu": "Guam",
  "gy": "Giyàn",
  "hk": "Hong Kong",
  "hm": "Heard Island and McDonald Islands",
  "hn": "Ondiras",
  "hr": "Kroasi",
  "ht": "Ayiti",
  "hu": "Ongri",
  "id": "Endonezi",
  "im": "Isle of Man",
  "in": "End",
  "io": "British Indian Ocean Territory",
  "ie": "Ilann",
  "ir": "Iran, Islamic Republic of",
  "iq": "Irak",
  "is": "Islann",
  "il": "Izrayèl",
  "it": "Itali",
  "jm": "Jamayik",
  "je": "Jersey",
  "jo": "Jòdani",
  "jp": "Japon",
  "kz": "Kazakstan",
  "ke": "Kenya",
  "kg": "Kirgistan",
  "kh": "Kanbòdj",
  "ki": "Kiribès",
  "kn": "Saint Kitts and Nevis",
  "kr": "South Korea",
  "kw": "Kowet",
  "la": "Lao People's Democratic Republic",
  "lb": "Liban",
  "lr": "Liberya",
  "ly": "Libi",
  "lc": "Saint Lucia",
  "li": "Lichtènstayn",
  "lk": "Srilanka",
  "ls": "Lezoto",
  "lt": "Lityani",
  "lu": "Liksanbou",
  "lv": "Letoni",
  "mo": "Macao",
  "mf": "Saint Martin (French part)",
  "ma": "Mawòk",
  "mc": "Monako",
  "md": "Moldavi",
  "mg": "Madagaskar",
  "mv": "Maldiv",
  "mx": "Meksik",
  "mh": "Marshall Islands",
  "mk": "North Macedonia",
  "ml": "Mali",
  "mt": "Malt",
  "mm": "Bimani",
  "me": "Montenegwo",
  "mn": "Mongoli",
  "mp": "Northern Mariana Islands",
  "mz": "Mozanbik",
  "mr": "Moritani",
  "ms": "Montserrat",
  "mq": "Matinik",
  "mu": "Moris",
  "mw": "Malawi",
  "my": "Malezi",
  "yt": "Mayotte",
  "na": "Namibi",
  "nc": "Nouvèl Kaledoni",
  "ne": "Nijè",
  "nf": "Norfolk Island",
  "ng": "Nijerya",
  "ni": "Nikaragwa",
  "nu": "Niue",
  "nl": "Peyiba",
  "no": "Nòvèj",
  "np": "Nepal",
  "nr": "Naorou",
  "nz": "Nouvèl Zelann",
  "om": "Omàn",
  "pk": "Pakistan",
  "pa": "Panama",
  "pn": "Pitcairn",
  "pe": "Pewou",
  "ph": "Filipin",
  "pw": "Palao",
  "pg": "Papwazi-Nouvèl-Gine",
  "pl": "Polòy",
  "pr": "Pòtoriko",
  "kp": "North Korea",
  "pt": "Pòtigal",
  "py": "Paragwe",
  "ps": "Palestine, State of",
  "pf": "French Polynesia",
  "qa": "Katar",
  "re": "La Reyinyon",
  "ro": "Woumani",
  "ru": "Russian Federation",
  "rw": "Rwanda",
  "sa": "Arabi Sawoudit",
  "sd": "Soudan",
  "sn": "Senegal",
  "sg": "Sengapou",
  "gs": "South Georgia and the South Sandwich Islands",
  "sh": "Saint Helena, Ascension and Tristan da Cunha",
  "sj": "Svalbard and Jan Mayen",
  "sb": "Salomon",
  "sl": "Syera Leòn",
  "sv": "Salvadò",
  "sm": "Sen Maren",
  "so": "Somali",
  "pm": "Saint Pierre and Miquelon",
  "rs": "Sèbi",
  "ss": "Soudan Disid",
  "st": "Sao Tome and Principe",
  "sr": "Sirinam",
  "sk": "Slovaki",
  "si": "Sloveni",
  "se": "Syèd",
  "sz": "Eswatini",
  "sx": "Sint Maarten (Dutch part)",
  "sc": "Sechèl",
  "sy": "Syrian Arab Republic",
  "tc": "Turks and Caicos Islands",
  "td": "Tchad",
  "tg": "Togo",
  "th": "Tayilann",
  "tj": "Tadjikistan",
  "tk": "Tokelau",
  "tm": "Tirkmenistan",
  "tl": "Timò oryantal",
  "to": "Tonga",
  "tt": "Trinidad and Tobago",
  "tn": "Tinizi",
  "tr": "Türkiye",
  "tv": "Touvalou",
  "tw": "Taywann",
  "tz": "Tanzani",
  "ug": "Ouganda",
  "ua": "Ikrèn",
  "um": "United States Minor Outlying Islands",
  "uy": "Irigwe",
  "us": "Etazini",
  "uz": "Ouzbekistan",
  "va": "Holy See (Vatican City State)",
  "vc": "Saint Vincent and the Grenadines",
  "ve": "Venezwela",
  "vg": "Virgin Islands, British",
  "vi": "Virgin Islands, U.S.",
  "vn": "Vyetnam",
  "vu": "Vanwatou",
  "wf": "Wallis and Futuna",
  "ws": "Samoa",
  "ye": "Yemèn",
  "za": "Afrik disid",
  "zm": "Zanbi",
  "zw": "Zimbabwe"
}
