{
  "aw": "Aruba",
  "af": "Apeganitan",
  "ao": "Angora",
  "ai": "Anguilla",
  "ax": "Åland Islands",
  "al": "Arbainiya",
  "ad": "Andorra",
  "ae": "Emireitit Arabiya",
  "ar": "Ardjentina",
  "am": "Arminiya",
  "as": "American Samoa",
  "aq": "Antarctica",
  "tf": "French Southern Territories",
  "ag": "Antigua me Barbuda",
  "au": "Otereiriya",
  "at": "Oteriya",
  "az": "Aderbaidjan",
  "bi": "Burundi",
  "be": "Berdjiyum",
  "bj": "Benin",
  "bq": "Bonaire, Sint Eustatius and Saba",
  "bf": "Burkinabato",
  "bd": "Bangradet",
  "bg": "Borgeriya",
  "bh": "Bahrain",
  "bs": "Bahamas",
  "ba": "Boteniya me Erdegobina",
  "bl": "Saint Barthélemy",
  "by": "Berarut",
  "bz": "Berij",
  "bm": "Bermuda",
  "bo": "Boribiya",
  "br": "Bradir",
  "bb": "Barbadot",
  "bn": "Brunei Darussalam",
  "bt": "Butan",
  "bv": "Bouvet Island",
  "bw": "Botwana",
  "cf": "Ripubrikin Aprika Yugaga",
  "ca": "Kanada",
  "cc": "Cocos (Keeling) Islands",
  "ch": "Witsierand",
  "cl": "Tsire",
  "cn": "China",
  "ci": "Côte d'Ivoire",
  "cm": "Kamerun",
  "cd": "Congo, The Democratic Republic of the",
  "cg": "Congo",
  "ck": "Cook Islands",
  "co": "Korombiya",
  "km": "Komorot",
  "cv": "Cabo Verde",
  "cr": "Kosta Rika",
  "cu": "Kiuba",
  "cw": "Curaçao",
  "cx": "Christmas Island",
  "ky": "Cayman Islands",
  "cy": "Taiprus",
  "cz": "Czechia",
  "de": "Djermani",
  "dj": "Djibuti",
  "dm": "Dominika",
  "dk": "Denemark",
  "do": "Ripubrikin Dominika",
  "dz": "Ardjiriya",
  "ec": "Ekwador",
  "eg": "Idjipt",
  "er": "Eritrea",
  "eh": "Western Sahara",
  "es": "Pain",
  "ee": "Estonia",
  "et": "Itiyopiya",
  "fi": "Pinrand",
  "fj": "Bidji",
  "fk": "Falkland Islands (Malvinas)",
  "fr": "Prant",
  "fo": "Faroe Islands",
  "fm": "Micronesia, Federated States of",
  "ga": "Gabun",
  "gb": "Ingerand",
  "ge": "Djiordjiya",
  "gg": "Guernsey",
  "gh": "Gana",
  "gi": "Gibraltar",
  "gn": "Gini",
  "gp": "Guadeloupe",
  "gm": "Gambia",
  "gw": "Gini-Bitau",
  "gq": "Gini t Ekwador",
  "gr": "Grit",
  "gd": "Grenada",
  "gl": "Greenland",
  "gt": "Guatemara",
  "gf": "French Guiana",
  "gu": "Guam",
  "gy": "Guyana",
  "hk": "Hong Kong",
  "hm": "Heard Island and McDonald Islands",
  "hn": "Ondurat",
  "hr": "Kroaitsiya",
  "ht": "Aiti",
  "hu": "Ungari",
  "id": "Indonitsiya",
  "im": "Isle of Man",
  "in": "Indjiya",
  "io": "British Indian Ocean Territory",
  "ie": "Ripubrikit Airerand",
  "ir": "Iran, Islamic Republic of",
  "iq": "Irak",
  "is": "Aiterand",
  "il": "Iteraer",
  "it": "Itari",
  "jm": "Djamaika",
  "je": "Jersey",
  "jo": "Djordan",
  "jp": "Djapan",
  "kz": "Kadaketan",
  "ke": "Keniya",
  "kg": "Kirgitan",
  "kh": "Kambodja",
  "ki": "Kiribat",
  "kn": "Saint Kitts and Nevis",
  "kr": "South Korea",
  "kw": "Kuwait",
  "la": "Lao People's Democratic Republic",
  "lb": "Ribanon",
  "lr": "Liberia",
  "ly": "Libya",
  "lc": "Saint Lucia",
  "li": "Riketentein",
  "lk": "Sri Lanka",
  "ls": "Resoto",
  "lt": "Rituainiya",
  "lu": "Ruketemburg",
  "lv": "Ratebiya",
  "mo": "Macao",
  "mf": "Saint Martin (French part)",
  "ma": "Morocco",
  "mc": "Monako",
  "md": "Ripubrikin Mordowa",
  "mg": "Madagascar",
  "mv": "Mardib",
  "mx": "Meketiko",
  "mh": "Marshall Islands",
  "mk": "North Macedonia",
  "ml": "Mali",
  "mt": "Marta",
  "mm": "Miyanmar",
  "me": "Montenegro",
  "mn": "Mongoriya",
  "mp": "Northern Mariana Islands",
  "mz": "Mozambique",
  "mr": "Mauritania",
  "ms": "Montserrat",
  "mq": "Martinique",
  "mu": "Mauritius",
  "mw": "Malawi",
  "my": "Maraidja",
  "yt": "Mayotte",
  "na": "Namibiya",
  "nc": "New Caledonia",
  "ne": "Niger",
  "nf": "Norfolk Island",
  "ng": "Nigeria",
  "ni": "Nikaragua",
  "nu": "Niue",
  "nl": "Eben Eyong",
  "no": "Norwei",
  "np": "Nepar",
  "nr": "Naoero",
  "nz": "Niu Djiran",
  "om": "Oman",
  "pk": "Pakistan",
  "pa": "Panama",
  "pn": "Pitcairn",
  "pe": "Peru",
  "ph": "Eben Piripin",
  "pw": "Parau",
  "pg": "Papua New Guinea",
  "pl": "Poran",
  "pr": "Puerto Rico",
  "kp": "North Korea",
  "pt": "Portsiugar",
  "py": "Paraguay",
  "ps": "Palestine, State of",
  "pf": "French Polynesia",
  "qa": "Qatar",
  "re": "Réunion",
  "ro": "Romania",
  "ru": "Russian Federation",
  "rw": "Rwanda",
  "sa": "Taudiarabiya",
  "sd": "Tudan",
  "sn": "Senegal",
  "sg": "Tsingapoar",
  "gs": "South Georgia and the South Sandwich Islands",
  "sh": "Saint Helena, Ascension and Tristan da Cunha",
  "sj": "Svalbard and Jan Mayen",
  "sb": "Eben Solomon",
  "sl": "Sierra Leone",
  "sv": "Ersarbador",
  "sm": "Tanmarino",
  "so": "Tomariya",
  "pm": "Saint Pierre and Miquelon",
  "rs": "Terbiya",
  "ss": "South Sudan",
  "st": "Sao Tome and Principe",
  "sr": "Suriname",
  "sk": "Slowakia",
  "si": "Tsirobeniya",
  "se": "Widen",
  "sz": "Eswatini",
  "sx": "Sint Maarten (Dutch part)",
  "sc": "Seychelles",
  "sy": "Syrian Arab Republic",
  "tc": "Turks and Caicos Islands",
  "td": "Tsiad",
  "tg": "Togo",
  "th": "Thailand",
  "tj": "Tadjikitan",
  "tk": "Tokelau",
  "tm": "Turkmenistan",
  "tl": "Timor-Leste",
  "to": "Tonga",
  "tt": "Trinidad and Tobago",
  "tn": "Tunisia",
  "tr": "Türkiye",
  "tv": "Tubaru",
  "tw": "Republik Tsiene",
  "tz": "Tanzania",
  "ug": "Uganda",
  "ua": "Ukraine",
  "um": "United States Minor Outlying Islands",
  "uy": "Uruguay",
  "us": "United States",
  "uz": "Uzbekistan",
  "va": "Holy See (Vatican City State)",
  "vc": "Saint Vincent and the Grenadines",
  "ve": "Venezuela",
  "vg": "Virgin Islands, British",
  "vi": "Virgin Islands, U.S.",
  "vn": "Bitinam",
  "vu": "Banuatu",
  "wf": "Wallis and Futuna",
  "ws": "Tamoa",
  "ye": "Yemen",
  "za": "South Aprika",
  "zm": "Zambia",
  "zw": "Zimbabwe"
}
