{
  "aw": "Aruba",
  "af": "अफगानस्थान",
  "ao": "अंगोला",
  "ai": "Anguilla",
  "ax": "Åland Islands",
  "al": "अल्बानिया",
  "ad": "अंडोरा",
  "ae": "United Arab Emirates",
  "ar": "अर्जन्टीना",
  "am": "आर्मीनिया",
  "as": "American Samoa",
  "aq": "Antarctica",
  "tf": "French Southern Territories",
  "ag": "Antigua and Barbuda",
  "au": "आस्ट्रेलिया",
  "at": "आस्ट्रिया",
  "az": "अजर्बैजान",
  "bi": "बुरुंडी",
  "be": "बेल्जियम",
  "bj": "बेनिन",
  "bq": "Bonaire, Sint Eustatius and Saba",
  "bf": "बुर्कीना-फासो",
  "bd": "बंगलादेश",
  "bg": "बुल्गारिया",
  "bh": "बहरैन",
  "bs": "Bahamas",
  "ba": "बास्निया",
  "bl": "Saint Barthélemy",
  "by": "बेलारूस",
  "bz": "बेलीज",
  "bm": "Bermuda",
  "bo": "बोलिविया",
  "br": "ब्रासील",
  "bb": "बार्बाडोस",
  "bn": "Brunei Darussalam",
  "bt": "भूटान",
  "bv": "Bouvet Island",
  "bw": "बोत्सवाना",
  "cf": "केन्द्रीय अफ्रीका गणराज्य",
  "ca": "केनडा",
  "cc": "Cocos (Keeling) Islands",
  "ch": "स्विटजरलैंड",
  "cl": "चिले",
  "cn": "China",
  "ci": "Côte d'Ivoire",
  "cm": "केमेरून",
  "cd": "Congo, The Democratic Republic of the",
  "cg": "Congo",
  "ck": "Cook Islands",
  "co": "कोलोम्बिया",
  "km": "कोमोरोस",
  "cv": "Cabo Verde",
  "cr": "कोस्टा रीका",
  "cu": "क्यूबा",
  "cw": "Curaçao",
  "cx": "Christmas Island",
  "ky": "Cayman Islands",
  "cy": "सायप्रस",
  "cz": "Czechia",
  "de": "जर्मनी",
  "dj": "जिबूटी",
  "dm": "डोमोनिका",
  "dk": "डेनमार्क",
  "do": "डोमोनिकन रिपब्लिक",
  "dz": "अल्जीरिया",
  "ec": "एक्वाडोर",
  "eg": "ईजिप्ट",
  "er": "एरिट्रिया",
  "eh": "Western Sahara",
  "es": "स्पेन",
  "ee": "Estonia",
  "et": "ईथ्योपिया",
  "fi": "फिन्लैंड",
  "fj": "फिजी",
  "fk": "Falkland Islands (Malvinas)",
  "fr": "फ्रांस",
  "fo": "Faroe Islands",
  "fm": "Micronesia, Federated States of",
  "ga": "गाबोन",
  "gb": "United Kingdom",
  "ge": "जार्जिया-देश",
  "gg": "Guernsey",
  "gh": "घाना",
  "gi": "Gibraltar",
  "gn": "गिनी",
  "gp": "Guadeloupe",
  "gm": "Gambia",
  "gw": "गिनी-बिसो",
  "gq": "Equatorial Guinea",
  "gr": "ग्रीस (यूनान)",
  "gd": "ग्रेनाडा",
  "gl": "Greenland",
  "gt": "ग्वाटेमाला",
  "gf": "French Guiana",
  "gu": "Guam",
  "gy": "गयाना",
  "hk": "Hong Kong",
  "hm": "Heard Island and McDonald Islands",
  "hn": "हांडूरस",
  "hr": "क्रोएशिया",
  "ht": "हेटी",
  "hu": "हंगरी",
  "id": "इन्दोनेशिया",
  "im": "Isle of Man",
  "in": "भारत",
  "io": "British Indian Ocean Territory",
  "ie": "Ireland",
  "ir": "Iran, Islamic Republic of",
  "iq": "ईराक",
  "is": "आइसलैंड",
  "il": "इस्रैल",
  "it": "इटली",
  "jm": "जमैका",
  "je": "Jersey",
  "jo": "जार्डन",
  "jp": "जापान",
  "kz": "कजाकस्थान",
  "ke": "केन्या",
  "kg": "किरगिस्थान",
  "kh": "कम्बोदिया",
  "ki": "किरिबाटी",
  "kn": "सेंट किट्",
  "kr": "South Korea",
  "kw": "कुवैत",
  "la": "Lao People's Democratic Republic",
  "lb": "लेबनान",
  "lr": "लायबीरिया",
  "ly": "लिबिया",
  "lc": "सेंट लूसिया",
  "li": "लिक्टनस्टैन",
  "lk": "श्रीलङ्का",
  "ls": "लेसोथो",
  "lt": "लिथ्वानिया",
  "lu": "लक्सम्बर्ग",
  "lv": "लाट्विया",
  "mo": "Macao",
  "mf": "Saint Martin (French part)",
  "ma": "मोराको",
  "mc": "मोनाको",
  "md": "मोल्दोवा",
  "mg": "मडगास्कर",
  "mv": "मालदीव",
  "mx": "मेक्सिको",
  "mh": "Marshall Islands",
  "mk": "North Macedonia",
  "ml": "माली",
  "mt": "माल्टा",
  "mm": "मयन्मार",
  "me": "Montenegro",
  "mn": "मंगोलिया",
  "mp": "Northern Mariana Islands",
  "mz": "मोजम्बीक",
  "mr": "मारिटेनिया",
  "ms": "Montserrat",
  "mq": "Martinique",
  "mu": "मारिशस",
  "mw": "मलावी",
  "my": "मलयेशिया",
  "yt": "Mayotte",
  "na": "नमीबिया",
  "nc": "New Caledonia",
  "ne": "नीजे",
  "nf": "Norfolk Island",
  "ng": "नैजीरिया",
  "ni": "निकारगुवा",
  "nu": "Niue",
  "nl": "नेदरलैंड्स",
  "no": "नार्वे",
  "np": "नेपाल",
  "nr": "नौरु",
  "nz": "न्यू-जीलैंड",
  "om": "ओमान",
  "pk": "पाकिस्तान",
  "pa": "पानामा",
  "pn": "Pitcairn",
  "pe": "पेरु",
  "ph": "फिलिपीन्स",
  "pw": "Palau",
  "pg": "पपुवा न्यू गिनी",
  "pl": "पोलैंड",
  "pr": "Puerto Rico",
  "kp": "North Korea",
  "pt": "पुर्तगाल",
  "py": "पेरेग्वाय",
  "ps": "Palestine, State of",
  "pf": "French Polynesia",
  "qa": "कतार",
  "re": "Réunion",
  "ro": "रोमानिया",
  "ru": "Russian Federation",
  "rw": "रवाण्डा",
  "sa": "सऊदी अरब",
  "sd": "सूडान",
  "sn": "सेनेगल",
  "sg": "सिंगापोर",
  "gs": "South Georgia and the South Sandwich Islands",
  "sh": "Saint Helena, Ascension and Tristan da Cunha",
  "sj": "Svalbard and Jan Mayen",
  "sb": "सोलोमन-द्वीप",
  "sl": "सियारा-लियोन",
  "sv": "एल-साल्वाडोर",
  "sm": "सान मरीनो",
  "so": "सोमालिया",
  "pm": "Saint Pierre and Miquelon",
  "rs": "सर्बिया",
  "ss": "South Sudan",
  "st": "Sao Tome and Principe",
  "sr": "सुरिनाम",
  "sk": "स्लोवाकिया",
  "si": "स्लोवीनिया",
  "se": "स्वीडन",
  "sz": "Eswatini",
  "sx": "Sint Maarten (Dutch part)",
  "sc": "सेशेल",
  "sy": "Syrian Arab Republic",
  "tc": "Turks and Caicos Islands",
  "td": "चाड",
  "tg": "टोगो",
  "th": "थाइलैंड",
  "tj": "ताजिकिस्थान",
  "tk": "Tokelau",
  "tm": "तुर्कमिनिस्थान",
  "tl": "Timor-Leste",
  "to": "टोंगा",
  "tt": "Trinidad and Tobago",
  "tn": "टुनिशिया",
  "tr": "Türkiye",
  "tv": "टुवालु",
  "tw": "तैवान",
  "tz": "टंजानिया",
  "ug": "Uganda",
  "ua": "Ukraine",
  "um": "United States Minor Outlying Islands",
  "uy": "उरुग्वाय",
  "us": "United States",
  "uz": "उजबेकिस्थान",
  "va": "Holy See (Vatican City State)",
  "vc": "Saint Vincent and the Grenadines",
  "ve": "वेनेज्वेला",
  "vg": "Virgin Islands, British",
  "vi": "Virgin Islands, U.S.",
  "vn": "वियेतनाम",
  "vu": "वनुवाटु",
  "wf": "Wallis and Futuna",
  "ws": "समोआ",
  "ye": "यमन",
  "za": "दक्षिण-अफ्रीका",
  "zm": "जाम्बिया",
  "zw": "जिम्बाबवे"
}
